# REBALANCE_FREQ,yearly
# INITIAL_PRICES,PLD:31.9142,EGP:46.8071,EQIX:177.1765,DLR:45.1555,AMT:77.9335,CCI:51.5928,MAA:52.8073,AVB:117.3736
# FINAL_PRICES,PLD:116.0808,EGP:177.5711,EQIX:788.5635,DLR:153.7467,AMT:203.9512,CCI:97.8635,MAA:135.1526,AVB:195.5183
# SHARPE,0.6429
# SORTINO,0.8477
Date,Portfolio
2015-01-02,
2015-01-05,
2015-01-06,
2015-01-07,
2015-01-08,
2015-01-09,
2015-01-12,
2015-01-13,
2015-01-14,
2015-01-15,
2015-01-16,
2015-01-20,
2015-01-21,
2015-01-22,
2015-01-23,
2015-01-26,
2015-01-27,
2015-01-28,
2015-01-29,
2015-01-30,
2015-02-02,
2015-02-03,
2015-02-04,
2015-02-05,
2015-02-06,
2015-02-09,
2015-02-10,
2015-02-11,
2015-02-12,
2015-02-13,
2015-02-17,
2015-02-18,
2015-02-19,
2015-02-20,
2015-02-23,
2015-02-24,
2015-02-25,
2015-02-26,
2015-02-27,
2015-03-02,
2015-03-03,
2015-03-04,
2015-03-05,
2015-03-06,
2015-03-09,
2015-03-10,
2015-03-11,
2015-03-12,
2015-03-13,
2015-03-16,
2015-03-17,
2015-03-18,
2015-03-19,
2015-03-20,
2015-03-23,
2015-03-24,
2015-03-25,
2015-03-26,
2015-03-27,
2015-03-30,
2015-03-31,
2015-04-01,
2015-04-02,
2015-04-06,
2015-04-07,
2015-04-08,
2015-04-09,
2015-04-10,
2015-04-13,
2015-04-14,
2015-04-15,
2015-04-16,
2015-04-17,
2015-04-20,
2015-04-21,
2015-04-22,
2015-04-23,
2015-04-24,
2015-04-27,
2015-04-28,
2015-04-29,
2015-04-30,
2015-05-01,
2015-05-04,
2015-05-05,
2015-05-06,
2015-05-07,
2015-05-08,
2015-05-11,
2015-05-12,
2015-05-13,
2015-05-14,
2015-05-15,
2015-05-18,
2015-05-19,
2015-05-20,
2015-05-21,
2015-05-22,
2015-05-26,
2015-05-27,
2015-05-28,
2015-05-29,
2015-06-01,
2015-06-02,
2015-06-03,
2015-06-04,
2015-06-05,
2015-06-08,
2015-06-09,
2015-06-10,
2015-06-11,
2015-06-12,
2015-06-15,
2015-06-16,
2015-06-17,
2015-06-18,
2015-06-19,
2015-06-22,
2015-06-23,
2015-06-24,
2015-06-25,
2015-06-26,
2015-06-29,
2015-06-30,
2015-07-01,
2015-07-02,
2015-07-06,
2015-07-07,
2015-07-08,
2015-07-09,
2015-07-10,
2015-07-13,
2015-07-14,
2015-07-15,
2015-07-16,
2015-07-17,
2015-07-20,
2015-07-21,
2015-07-22,
2015-07-23,
2015-07-24,
2015-07-27,
2015-07-28,
2015-07-29,
2015-07-30,
2015-07-31,
2015-08-03,
2015-08-04,
2015-08-05,
2015-08-06,
2015-08-07,
2015-08-10,
2015-08-11,
2015-08-12,
2015-08-13,
2015-08-14,
2015-08-17,
2015-08-18,
2015-08-19,
2015-08-20,
2015-08-21,
2015-08-24,
2015-08-25,
2015-08-26,
2015-08-27,
2015-08-28,
2015-08-31,
2015-09-01,
2015-09-02,
2015-09-03,
2015-09-04,
2015-09-08,
2015-09-09,
2015-09-10,
2015-09-11,
2015-09-14,
2015-09-15,
2015-09-16,
2015-09-17,
2015-09-18,
2015-09-21,
2015-09-22,
2015-09-23,
2015-09-24,
2015-09-25,
2015-09-28,
2015-09-29,
2015-09-30,
2015-10-01,
2015-10-02,
2015-10-05,
2015-10-06,
2015-10-07,
2015-10-08,
2015-10-09,
2015-10-12,
2015-10-13,
2015-10-14,
2015-10-15,
2015-10-16,
2015-10-19,
2015-10-20,
2015-10-21,
2015-10-22,
2015-10-23,
2015-10-26,
2015-10-27,
2015-10-28,
2015-10-29,
2015-10-30,
2015-11-02,
2015-11-03,
2015-11-04,
2015-11-05,
2015-11-06,
2015-11-09,
2015-11-10,
2015-11-11,
2015-11-12,
2015-11-13,
2015-11-16,
2015-11-17,
2015-11-18,
2015-11-19,
2015-11-20,
2015-11-23,
2015-11-24,
2015-11-25,
2015-11-27,
2015-11-30,
2015-12-01,
2015-12-02,
2015-12-03,
2015-12-04,
2015-12-07,
2015-12-08,
2015-12-09,
2015-12-10,
2015-12-11,
2015-12-14,
2015-12-15,
2015-12-16,
2015-12-17,
2015-12-18,
2015-12-21,
2015-12-22,
2015-12-23,
2015-12-24,
2015-12-28,
2015-12-29,
2015-12-30,
2015-12-31,1.0
2016-01-04,0.9877718270344817
2016-01-05,1.0061676640745922
2016-01-06,1.0041920697844438
2016-01-07,0.987855108489008
2016-01-08,0.9818354652272485
2016-01-11,0.988238084851742
2016-01-12,0.9863427460639279
2016-01-13,0.974299821008178
2016-01-14,0.9764393595047114
2016-01-15,0.9556267248602675
2016-01-19,0.957731317201749
2016-01-20,0.934562374814417
2016-01-21,0.9368660947272885
2016-01-22,0.9615586600851908
2016-01-25,0.959509938951208
2016-01-26,0.9839234132784609
2016-01-27,0.9709997062880565
2016-01-28,0.9714124513646203
2016-01-29,0.9887309702568005
2016-02-01,0.9872087749506553
2016-02-02,0.9769574946102868
2016-02-03,0.9791915736196621
2016-02-04,0.9727449809891662
2016-02-05,0.951654524001472
2016-02-08,0.9217930381585212
2016-02-09,0.9155304750052151
2016-02-10,0.924838539551645
2016-02-11,0.9107230598737948
2016-02-12,0.9287412760101998
2016-02-16,0.9458441528656928
2016-02-17,0.9488866289851755
2016-02-18,0.9582190629844914
2016-02-19,0.9641438721411557
2016-02-22,0.9734527297175161
2016-02-23,0.9660924101232125
2016-02-24,0.9683820308054265
2016-02-25,0.9855368434065778
2016-02-26,0.9761841624081754
2016-02-29,0.9755507979405167
2016-03-01,1.0049204089132875
2016-03-02,1.0080096667857419
2016-03-03,1.0142069635148976
2016-03-04,1.0156444004338105
2016-03-07,1.011276470335152
2016-03-08,1.0092592171036445
2016-03-09,1.0138966452872533
2016-03-10,1.0130255893431759
2016-03-11,1.034897035770876
2016-03-14,1.0305244565153409
2016-03-15,1.034874193216586
2016-03-16,1.04665362841173
2016-03-17,1.062510978003223
2016-03-18,1.0587875046549589
2016-03-21,1.0504726271568314
2016-03-22,1.0524792775841343
2016-03-23,1.0486557211286522
2016-03-24,1.0492653339746139
2016-03-28,1.0581081458040666
2016-03-29,1.0765756610729529
2016-03-30,1.0766332669100918
2016-03-31,1.08276662055104
2016-04-01,1.0892488138985141
2016-04-04,1.0884387965407272
2016-04-05,1.0821023634639235
2016-04-06,1.086986907714692
2016-04-07,1.0801994760972018
2016-04-08,1.0885924110918301
2016-04-11,1.0819254232684918
2016-04-12,1.0836191068709495
2016-04-13,1.0784228725175427
2016-04-14,1.0659642146358552
2016-04-15,1.0773524151001557
2016-04-18,1.08169520545337
2016-04-19,1.0867263449668494
2016-04-20,1.0735449412911295
2016-04-21,1.0543196123083403
2016-04-22,1.067326128595633
2016-04-25,1.0771743628985204
2016-04-26,1.080897982544717
2016-04-27,1.0807798330998453
2016-04-28,1.0763012646094698
2016-04-29,1.0713070713406312
2016-05-02,1.0857704362690048
2016-05-03,1.0802259257578315
2016-05-04,1.0984747362413025
2016-05-05,1.1011599882433385
2016-05-06,1.1123042891152772
2016-05-09,1.122440472651854
2016-05-10,1.128935655743111
2016-05-11,1.1151847506135835
2016-05-12,1.126824901155774
2016-05-13,1.123675045156083
2016-05-16,1.1375360702006099
2016-05-17,1.1198155528285827
2016-05-18,1.1098122331005655
2016-05-19,1.1014010940714765
2016-05-20,1.1092368285928653
2016-05-23,1.1093010312476717
2016-05-24,1.1233412123813835
2016-05-25,1.1262832862732206
2016-05-26,1.1264997893090236
2016-05-27,1.1336140342928025
2016-05-31,1.132881257749482
2016-06-01,1.1341478649118486
2016-06-02,1.1396304271372921
2016-06-03,1.141907287918266
2016-06-06,1.1397918467921735
2016-06-07,1.1496976077005259
2016-06-08,1.1555922748260778
2016-06-09,1.1640896911652738
2016-06-10,1.160374943126106
2016-06-13,1.1610250225903993
2016-06-14,1.1547531829571285
2016-06-15,1.1644678459187816
2016-06-16,1.1757942759101778
2016-06-17,1.171098750036884
2016-06-20,1.172701971375101
2016-06-21,1.1828865631577417
2016-06-22,1.1845077837862141
2016-06-23,1.1933764574413899
2016-06-24,1.1719867085524718
2016-06-27,1.1721346021198384
2016-06-28,1.1946759094506345
2016-06-29,1.2127345186546903
2016-06-30,1.2199126345478797
2016-07-01,1.2213907437427043
2016-07-05,1.234502426904776
2016-07-06,1.2333532925647848
2016-07-07,1.2197441793041528
2016-07-08,1.235975033448679
2016-07-11,1.2358612623409582
2016-07-12,1.2378645699308795
2016-07-13,1.2410706293420788
2016-07-14,1.2323688906298313
2016-07-15,1.2297791487397522
2016-07-18,1.2273994224404372
2016-07-19,1.2314995707413883
2016-07-20,1.2283985715438854
2016-07-21,1.2182102975121305
2016-07-22,1.2325429335391265
2016-07-25,1.2291311261606155
2016-07-26,1.2271814214583792
2016-07-27,1.2189201409536279
2016-07-28,1.2330436489342602
2016-07-29,1.233557490550022
2016-08-01,1.2445763651162052
2016-08-02,1.2296545189169408
2016-08-03,1.2176328450169236
2016-08-04,1.2204052847038365
2016-08-05,1.2151282415370086
2016-08-08,1.2126291694974551
2016-08-09,1.219384231512687
2016-08-10,1.219507261711863
2016-08-11,1.212908271197064
2016-08-12,1.2203706584938439
2016-08-15,1.2100099001166145
2016-08-16,1.1928180626465874
2016-08-17,1.1946374035589906
2016-08-18,1.1898274248144827
2016-08-19,1.187786620512649
2016-08-22,1.1924483088408233
2016-08-23,1.1910606532174968
2016-08-24,1.1839598208968694
2016-08-25,1.1864018857958
2016-08-26,1.1800423344318796
2016-08-29,1.1908164484203208
2016-08-30,1.186237656917709
2016-08-31,1.1880898940043672
2016-09-01,1.1907744141538472
2016-09-02,1.2035672007722469
2016-09-06,1.218312425666649
2016-09-07,1.2210076440516031
2016-09-08,1.206560024214682
2016-09-09,1.1576814378775677
2016-09-12,1.169506051958042
2016-09-13,1.1413708995907994
2016-09-14,1.1437741651565596
2016-09-15,1.1515562582318912
2016-09-16,1.1489934514418583
2016-09-19,1.1667358769222087
2016-09-20,1.1619880937110034
2016-09-21,1.1789501108324707
2016-09-22,1.1992105123213654
2016-09-23,1.201327209153551
2016-09-26,1.204570645475997
2016-09-27,1.1961796832282665
2016-09-28,1.209349800271022
2016-09-29,1.198859167474099
2016-09-30,1.1913242627628038
2016-10-03,1.1711204033121385
2016-10-04,1.1510910339676785
2016-10-05,1.1245208400571067
2016-10-06,1.1234697274498495
2016-10-07,1.1199995463934331
2016-10-10,1.1308477842368967
2016-10-11,1.1236304904281071
2016-10-12,1.1414483529192754
2016-10-13,1.1534496808872976
2016-10-14,1.1542362139829174
2016-10-17,1.1583615861358358
2016-10-18,1.1691009761842326
2016-10-19,1.17130776590068
2016-10-20,1.171051533363585
2016-10-21,1.1766140282812534
2016-10-24,1.1827191931922132
2016-10-25,1.1803303041746098
2016-10-26,1.1702843799638538
2016-10-27,1.1401406628197805
2016-10-28,1.1461675410408947
2016-10-31,1.1617518403131484
2016-11-01,1.136870394215501
2016-11-02,1.122626574172495
2016-11-03,1.1211240403471028
2016-11-04,1.1275717706098642
2016-11-07,1.147251928467604
2016-11-08,1.1592411861871932
2016-11-09,1.1207251539957568
2016-11-10,1.0863013243244464
2016-11-11,1.0828926676393933
2016-11-14,1.0941738321015195
2016-11-15,1.0927077251410955
2016-11-16,1.099744621724963
2016-11-17,1.0911086195485293
2016-11-18,1.0955726091100992
2016-11-21,1.0943045674382859
2016-11-22,1.1169686752500674
2016-11-23,1.1058233874659502
2016-11-25,1.1127077571082782
2016-11-28,1.1177039548660817
2016-11-29,1.131084854395584
2016-11-30,1.1130552055164142
2016-12-01,1.090765612694337
2016-12-02,1.0988532906725261
2016-12-05,1.104895576448363
2016-12-06,1.10313373091554
2016-12-07,1.129933532982434
2016-12-08,1.142433520014507
2016-12-09,1.1456273955844045
2016-12-12,1.1625372652213353
2016-12-13,1.1746101593705611
2016-12-14,1.1543790542806935
2016-12-15,1.1519874496055533
2016-12-16,1.1626966641307137
2016-12-19,1.1744985154327485
2016-12-20,1.1753282897152664
2016-12-21,1.1629504380897024
2016-12-22,1.1664661642401888
2016-12-23,1.1700419164188178
2016-12-27,1.17378506746861
2016-12-28,1.1669101019553838
2016-12-29,1.1797950896674223
2016-12-30,1.183974015758894
2017-01-03,1.1864422374764416
2017-01-04,1.2038866227326306
2017-01-05,1.2100989252957448
2017-01-06,1.2065482032400805
2017-01-09,1.1992561485359794
2017-01-10,1.1886752755259822
2017-01-11,1.1859810947413414
2017-01-12,1.19312480093121
2017-01-13,1.1897582114590581
2017-01-17,1.2008205928743592
2017-01-18,1.2058995424378394
2017-01-19,1.2010158888460454
2017-01-20,1.2067406182221054
2017-01-23,1.2112435822431742
2017-01-24,1.2122652965681462
2017-01-25,1.20518514340858
2017-01-26,1.2029182064657313
2017-01-27,1.1833227882702655
2017-01-30,1.1784001237671373
2017-01-31,1.1856775468689924
2017-02-01,1.1723884808626286
2017-02-02,1.186571741743067
2017-02-03,1.1987519975768053
2017-02-06,1.1877198823161916
2017-02-07,1.1852389953324254
2017-02-08,1.1941666564257787
2017-02-09,1.198464050201785
2017-02-10,1.2028642100141629
2017-02-13,1.2090759878743407
2017-02-14,1.202749049942294
2017-02-15,1.1969053753755163
2017-02-16,1.1985636170720562
2017-02-17,1.1993609794290092
2017-02-21,1.212144391159093
2017-02-22,1.2093962272052756
2017-02-23,1.2215200426930732
2017-02-24,1.2357143336653336
2017-02-27,1.239779968737833
2017-02-28,1.2403096440106598
2017-03-01,1.239772945992025
2017-03-02,1.2350299503831026
2017-03-03,1.2348137516500257
2017-03-06,1.2311058611732535
2017-03-07,1.228200397777292
2017-03-08,1.2071617094031017
2017-03-09,1.201894616757019
2017-03-10,1.2018043278076918
2017-03-13,1.2065405176885988
2017-03-14,1.206089799207756
2017-03-15,1.2291498215975836
2017-03-16,1.2255675942140154
2017-03-17,1.2285491560616324
2017-03-20,1.2353955713540177
2017-03-21,1.232438180259464
2017-03-22,1.2404713709398225
2017-03-23,1.2481711035345546
2017-03-24,1.248574227972409
2017-03-27,1.2371779038600152
2017-03-28,1.2425507911825264
2017-03-29,1.2529293595470974
2017-03-30,1.2575978912811125
2017-03-31,1.264229440858648
2017-04-03,1.2654389456384854
2017-04-04,1.2669402321412686
2017-04-05,1.2702050677943464
2017-04-06,1.2795688059242285
2017-04-07,1.2820823883610577
2017-04-10,1.290793321239669
2017-04-11,1.2972896807712744
2017-04-12,1.2995239708669313
2017-04-13,1.2933055564806606
2017-04-17,1.3071699941376291
2017-04-18,1.308282570155688
2017-04-19,1.30731366174426
2017-04-20,1.307829785461246
2017-04-21,1.3059891839705897
2017-04-24,1.3017675478446107
2017-04-25,1.307231236780917
2017-04-26,1.3022540059472338
2017-04-27,1.3095071919321901
2017-04-28,1.3138564361941694
2017-05-01,1.3199115585386054
2017-05-02,1.3163458946799051
2017-05-03,1.3054050224070504
2017-05-04,1.3121491684885287
2017-05-05,1.325870775918017
2017-05-08,1.3230492014683621
2017-05-09,1.318174034026477
2017-05-10,1.3194387821549804
2017-05-11,1.316437066591392
2017-05-12,1.3178939995983208
2017-05-15,1.32833596551504
2017-05-16,1.3272780244112963
2017-05-17,1.336835322976854
2017-05-18,1.3326239707835366
2017-05-19,1.3382794129551832
2017-05-22,1.3470167407407532
2017-05-23,1.3517900370326932
2017-05-24,1.357893405570103
2017-05-25,1.3682332595942512
2017-05-26,1.3638970146079175
2017-05-30,1.3655718774593066
2017-05-31,1.3639864460611466
2017-06-01,1.3690848582588082
2017-06-02,1.3904631806608607
2017-06-05,1.3880549088299279
2017-06-06,1.3815308593033893
2017-06-07,1.3837368848009473
2017-06-08,1.3778799830145423
2017-06-09,1.3773819021585048
2017-06-12,1.3762440800283515
2017-06-13,1.38293899360056
2017-06-14,1.3943035976742342
2017-06-15,1.4016877108698291
2017-06-16,1.3963100222254778
2017-06-19,1.4008562202674242
2017-06-20,1.3934982239408797
2017-06-21,1.3954967879525824
2017-06-22,1.3970984502263588
2017-06-23,1.3998689169718113
2017-06-26,1.402361713242313
2017-06-27,1.3943585294654792
2017-06-28,1.3910457036743766
2017-06-29,1.3745514331304465
2017-06-30,1.3774616111254327
2017-07-03,1.3780103619239317
2017-07-05,1.3665468460459116
2017-07-06,1.3427912530983024
2017-07-07,1.3554944580624004
2017-07-10,1.3485011104425544
2017-07-11,1.343002414423695
2017-07-12,1.3641342522354378
2017-07-13,1.363433154892884
2017-07-14,1.3720248304457576
2017-07-17,1.3719693428546258
2017-07-18,1.3786122561192624
2017-07-19,1.384420974468517
2017-07-20,1.3779914407179183
2017-07-21,1.3820860793690084
2017-07-24,1.3888939698119076
2017-07-25,1.3847061094311592
2017-07-26,1.3996420256216193
2017-07-27,1.4004321378406774
2017-07-28,1.408735482374814
2017-07-31,1.410203030825286
2017-08-01,1.4181465556313486
2017-08-02,1.4188360406703826
2017-08-03,1.4081637645107556
2017-08-04,1.4075494702996494
2017-08-07,1.401115878538048
2017-08-08,1.3944097513033906
2017-08-09,1.4023713678164205
2017-08-10,1.392166083821708
2017-08-11,1.38739943713964
2017-08-14,1.4190294193137545
2017-08-15,1.4216076267736941
2017-08-16,1.4312146699631458
2017-08-17,1.4204565946897771
2017-08-18,1.4169500122263086
2017-08-21,1.4312887085041546
2017-08-22,1.4349999378810079
2017-08-23,1.4469477684501955
2017-08-24,1.4460364849320742
2017-08-25,1.4496820767007739
2017-08-28,1.4453669700886247
2017-08-29,1.4452697276111799
2017-08-30,1.451772190722045
2017-08-31,1.4643196694986078
2017-09-01,1.4589022838130679
2017-09-05,1.46012768299701
2017-09-06,1.458076296873995
2017-09-07,1.4688356649469616
2017-09-08,1.4652677536350316
2017-09-11,1.4908647587738868
2017-09-12,1.4735860492771409
2017-09-13,1.4551177007789198
2017-09-14,1.4637934849246579
2017-09-15,1.4645666527810142
2017-09-18,1.458366832979904
2017-09-19,1.4472126781955899
2017-09-20,1.4383765751896638
2017-09-21,1.4371645824020185
2017-09-22,1.4225562740483944
2017-09-25,1.4204011092438207
2017-09-26,1.4118206454453552
2017-09-27,1.4117498283873193
2017-09-28,1.4210085998786368
2017-09-29,1.4270160080348557
2017-10-02,1.4267944881401784
2017-10-03,1.423557325604433
2017-10-04,1.4349078318975954
2017-10-05,1.4423354723622932
2017-10-06,1.4420062831761868
2017-10-09,1.4462174847565568
2017-10-10,1.446468240772904
2017-10-11,1.4546256269673699
2017-10-12,1.4714181522132188
2017-10-13,1.4692906176141058
2017-10-16,1.4624901870499218
2017-10-17,1.4598974988583033
2017-10-18,1.4650341567068135
2017-10-19,1.4661773525816764
2017-10-20,1.466343388615919
2017-10-23,1.4513068637862312
2017-10-24,1.4489714644715916
2017-10-25,1.449180180277275
2017-10-26,1.4300553057958483
2017-10-27,1.4408273819901347
2017-10-30,1.4517154259477998
2017-10-31,1.4609316011697593
2017-11-01,1.45727239147711
2017-11-02,1.47364364012967
2017-11-03,1.4793390792830599
2017-11-06,1.5089104149148496
2017-11-07,1.509894897727171
2017-11-08,1.525696572641814
2017-11-09,1.5166753634211405
2017-11-10,1.5079529484477514
2017-11-13,1.5182866074833985
2017-11-14,1.5138171073515851
2017-11-15,1.4916487175364523
2017-11-16,1.5011297699065493
2017-11-17,1.4850855804892924
2017-11-20,1.4856015606247457
2017-11-21,1.5028982888265527
2017-11-22,1.4940996923313816
2017-11-24,1.4993936018863334
2017-11-27,1.5017742579986058
2017-11-28,1.5005023973379186
2017-11-29,1.4860050132652514
2017-11-30,1.4821972379879103
2017-12-01,1.4867815569393474
2017-12-04,1.4451860407335095
2017-12-05,1.4404791878618675
2017-12-06,1.4448748829435374
2017-12-07,1.4591907946598894
2017-12-08,1.461170954962884
2017-12-11,1.4617036829605397
2017-12-12,1.464704670422277
2017-12-13,1.4633709119534117
2017-12-14,1.468935986081211
2017-12-15,1.4680677517694378
2017-12-18,1.4669920462312396
2017-12-19,1.4327905361862041
2017-12-20,1.4233308775297342
2017-12-21,1.4163113707927857
2017-12-22,1.430949176128626
2017-12-26,1.434318569644868
2017-12-27,1.442221551389712
2017-12-28,1.4534675813279412
2017-12-29,1.4519593520365282
2018-01-02,1.4362336703144254
2018-01-03,1.4379133610096715
2018-01-04,1.41614840679172
2018-01-05,1.4207858805145708
2018-01-08,1.4315495576333523
2018-01-09,1.4180454968857885
2018-01-10,1.3865827492264016
2018-01-11,1.3736736314725606
2018-01-12,1.366726980861491
2018-01-16,1.3856577782630104
2018-01-17,1.3904652651025582
2018-01-18,1.3741218365116339
2018-01-19,1.386755421701259
2018-01-22,1.404231137042844
2018-01-23,1.426616259580369
2018-01-24,1.4213800455625842
2018-01-25,1.4194171482811395
2018-01-26,1.425680686706341
2018-01-29,1.4037803757251652
2018-01-30,1.4020261333277675
2018-01-31,1.4449079863370196
2018-02-01,1.416437650077092
2018-02-02,1.4077984585612169
2018-02-05,1.3669807975305748
2018-02-06,1.3599933882896593
2018-02-07,1.3518479179639644
2018-02-08,1.3015946018624214
2018-02-09,1.3357597874432134
2018-02-12,1.3436787046659942
2018-02-13,1.3532326667545673
2018-02-14,1.3476287251142862
2018-02-15,1.3498317581046433
2018-02-16,1.35275414947438
2018-02-20,1.3360759618357971
2018-02-21,1.3090770063707433
2018-02-22,1.325464727836539
2018-02-23,1.3494375312659919
2018-02-26,1.3506127882387287
2018-02-27,1.3294452764382454
2018-02-28,1.330980749581672
2018-03-01,1.3131416342401816
2018-03-02,1.3023774653291287
2018-03-05,1.3263440543958014
2018-03-06,1.3332953378236163
2018-03-07,1.342960218077896
2018-03-08,1.354375920238274
2018-03-09,1.3699410579191438
2018-03-12,1.3749893664951125
2018-03-13,1.3824810255657887
2018-03-14,1.3922703057512036
2018-03-15,1.3917175375097228
2018-03-16,1.3992944870215336
2018-03-19,1.3856715072298915
2018-03-20,1.388655550470465
2018-03-21,1.370770425805043
2018-03-22,1.366546898200745
2018-03-23,1.3458528616162306
2018-03-26,1.3642986762193732
2018-03-27,1.3702682171644924
2018-03-28,1.389187732612133
2018-03-29,1.390815105781422
2018-04-02,1.367210469127726
2018-04-03,1.3687720316157133
2018-04-04,1.3813870814739466
2018-04-05,1.3852862487987878
2018-04-06,1.3712675531519694
2018-04-09,1.3747063043025574
2018-04-10,1.3599422000212054
2018-04-11,1.3688271628361746
2018-04-12,1.3509667342764116
2018-04-13,1.360598670924629
2018-04-16,1.3673305580570916
2018-04-17,1.3928938430200692
2018-04-18,1.3933677365806538
2018-04-19,1.3720517758135644
2018-04-20,1.36569584735127
2018-04-23,1.3725175109092809
2018-04-24,1.3746459020092927
2018-04-25,1.371489092064453
2018-04-26,1.388446375020383
2018-04-27,1.3985309535476134
2018-04-30,1.3915161382510641
2018-05-01,1.392727722245438
2018-05-02,1.3926928754453998
2018-05-03,1.3839636393925023
2018-05-04,1.3978555380213555
2018-05-07,1.4000236373265453
2018-05-08,1.389246934347287
2018-05-09,1.395725288080409
2018-05-10,1.413958172656795
2018-05-11,1.4080035987529025
2018-05-14,1.3995710640869203
2018-05-15,1.3790824892414375
2018-05-16,1.3704136446956874
2018-05-17,1.361158429076373
2018-05-18,1.3637423896563745
2018-05-21,1.3733493622477155
2018-05-22,1.371532280723155
2018-05-23,1.3833900514575879
2018-05-24,1.3791979891332888
2018-05-25,1.384412900901268
2018-05-29,1.3913466246486617
2018-05-30,1.4101017500227933
2018-05-31,1.4048792477431022
2018-06-01,1.4171583416264795
2018-06-04,1.4297594430228382
2018-06-05,1.4180700997055329
2018-06-06,1.4181801473504643
2018-06-07,1.4155737822268208
2018-06-08,1.4251153534024852
2018-06-11,1.4243530819263701
2018-06-12,1.430785090487675
2018-06-13,1.3982796728698452
2018-06-14,1.4135595412477053
2018-06-15,1.4129274281114859
2018-06-18,1.4140566808168336
2018-06-19,1.4139684018179084
2018-06-20,1.4281080349150337
2018-06-21,1.4356080054286302
2018-06-22,1.4445103883279153
2018-06-25,1.4458294072749722
2018-06-26,1.457366513079148
2018-06-27,1.4553928176119744
2018-06-28,1.4689971658745447
2018-06-29,1.4743580877686233
2018-07-02,1.4683597125968284
2018-07-03,1.4720096565058873
2018-07-05,1.496138476128204
2018-07-06,1.502979263805773
2018-07-09,1.486531502315089
2018-07-10,1.4947801823248108
2018-07-11,1.4945444566475186
2018-07-12,1.4983384695915396
2018-07-13,1.4960339413065302
2018-07-16,1.488358157418818
2018-07-17,1.4779865452641539
2018-07-18,1.4705394003415335
2018-07-19,1.4821503987229774
2018-07-20,1.4620099901988575
2018-07-23,1.457384720153329
2018-07-24,1.4542408916183025
2018-07-25,1.4732013587166892
2018-07-26,1.4866973793472824
2018-07-27,1.4926340414092123
2018-07-30,1.4851346310861715
2018-07-31,1.5109713913708884
2018-08-01,1.5215282723180337
2018-08-02,1.5179353306945698
2018-08-03,1.5396886712436615
2018-08-06,1.5310600931624674
2018-08-07,1.522548269664924
2018-08-08,1.518039269258543
2018-08-09,1.5229359601485122
2018-08-10,1.5075697192723072
2018-08-13,1.5101261484141364
2018-08-14,1.509338255212504
2018-08-15,1.516890596480382
2018-08-16,1.5299542954308063
2018-08-17,1.547059533639776
2018-08-20,1.5456731334234297
2018-08-21,1.525885356317839
2018-08-22,1.5162110933136617
2018-08-23,1.5128496990887774
2018-08-24,1.5281974795877271
2018-08-27,1.5269322139620218
2018-08-28,1.5452169195777596
2018-08-29,1.544233224721457
2018-08-30,1.5342295479924166
2018-08-31,1.540692027187856
2018-09-04,1.5244171013226904
2018-09-05,1.5328400937171902
2018-09-06,1.5381470776454762
2018-09-07,1.5234832392738902
2018-09-10,1.532031000439762
2018-09-11,1.5308433078200088
2018-09-12,1.531385572760602
2018-09-13,1.547172692860061
2018-09-14,1.5402372940956195
2018-09-17,1.5479161539785726
2018-09-18,1.5391138886415747
2018-09-19,1.526227750849367
2018-09-20,1.5417079425475775
2018-09-21,1.538959670903604
2018-09-24,1.5039959828956417
2018-09-25,1.4970591849776846
2018-09-26,1.4779940365161721
2018-09-27,1.4844772920615275
2018-09-28,1.5085487703656608
2018-10-01,1.4959911630259235
2018-10-02,1.4904678320284963
2018-10-03,1.4777982455698955
2018-10-04,1.471439354062575
2018-10-05,1.4697402000306228
2018-10-08,1.488330850549956
2018-10-09,1.4990002050650113
2018-10-10,1.47346105054681
2018-10-11,1.427209023149837
2018-10-12,1.4248269633750184
2018-10-15,1.4331917260236982
2018-10-16,1.464234057861787
2018-10-17,1.4640158139705857
2018-10-18,1.466439475785374
2018-10-19,1.4842373762752126
2018-10-22,1.4677514647499197
2018-10-23,1.4786100274223313
2018-10-24,1.501428782289607
2018-10-25,1.5091718081498473
2018-10-26,1.4520780244926748
2018-10-29,1.4689163239768053
2018-10-30,1.4835830219946873
2018-10-31,1.4615087244613092
2018-11-01,1.4696682641258398
2018-11-02,1.4677197907267128
2018-11-05,1.4898343796580613
2018-11-06,1.5023925833721066
2018-11-07,1.51729160907264
2018-11-08,1.5174373569379642
2018-11-09,1.5139952734729085
2018-11-12,1.5191373518566123
2018-11-13,1.521705244991228
2018-11-14,1.5217141626849195
2018-11-15,1.5111501107811505
2018-11-16,1.5297976534526143
2018-11-19,1.534407709132593
2018-11-20,1.5050514377987474
2018-11-21,1.5123736088954693
2018-11-23,1.5079601795361564
2018-11-26,1.5115996056819632
2018-11-27,1.521157555134304
2018-11-28,1.5341492859318404
2018-11-29,1.5359811831615788
2018-11-30,1.5483310597454043
2018-12-03,1.5557387656222144
2018-12-04,1.5340188666548404
2018-12-06,1.5717444452204457
2018-12-07,1.5494562853591929
2018-12-10,1.547853339329936
2018-12-11,1.55317973719338
2018-12-12,1.529871722936873
2018-12-13,1.5442436578640395
2018-12-14,1.5390800936733626
2018-12-17,1.4776465656248963
2018-12-18,1.4912320495206561
2018-12-19,1.4787139284344977
2018-12-20,1.4615830124304754
2018-12-21,1.4338449294194886
2018-12-24,1.3797902475285735
2018-12-26,1.422947286433112
2018-12-27,1.424585904559123
2018-12-28,1.4310570396815723
2018-12-31,1.4366147814632908
2019-01-02,1.4017247768567966
2019-01-03,1.4015756222124507
2019-01-04,1.4217174192123991
2019-01-07,1.4291918242310462
2019-01-08,1.4532802178004796
2019-01-09,1.4395437016487522
2019-01-10,1.4660814543825536
2019-01-11,1.472929811347764
2019-01-14,1.4719047906180087
2019-01-15,1.489869703062269
2019-01-16,1.4978490936429465
2019-01-17,1.5049425648197372
2019-01-18,1.504287432245017
2019-01-22,1.5019957486437712
2019-01-23,1.5035385450720786
2019-01-24,1.507659445933845
2019-01-25,1.52287546058389
2019-01-28,1.5398190473948352
2019-01-29,1.553811099715279
2019-01-30,1.565377200793282
2019-01-31,1.578031999632092
2019-02-01,1.5739742962688357
2019-02-04,1.5867423446589886
2019-02-05,1.597787928373878
2019-02-06,1.5822466783186142
2019-02-07,1.5970076321267677
2019-02-08,1.6070027368454027
2019-02-11,1.6132843987461982
2019-02-12,1.60009992912459
2019-02-13,1.6059874894442032
2019-02-14,1.6271026827172854
2019-02-15,1.6370847864558407
2019-02-19,1.643572208130096
2019-02-20,1.635931666922766
2019-02-21,1.634205582242878
2019-02-22,1.6447690944018405
2019-02-25,1.6323448591733796
2019-02-26,1.627722110227269
2019-02-27,1.615184447406886
2019-02-28,1.622091898735762
2019-03-01,1.6312024352734928
2019-03-04,1.6345540306801212
2019-03-05,1.637334346532785
2019-03-06,1.6358475992513368
2019-03-07,1.6351177188502575
2019-03-08,1.6409395585058881
2019-03-11,1.6674853276270987
2019-03-12,1.6751243027930676
2019-03-13,1.6842580609214475
2019-03-14,1.6905961074845792
2019-03-15,1.692713484032624
2019-03-18,1.685168529646522
2019-03-19,1.6803955440283467
2019-03-20,1.6916176168471413
2019-03-21,1.7183919068627074
2019-03-22,1.7077168833770957
2019-03-25,1.704842220530063
2019-03-26,1.7168028547516858
2019-03-27,1.7153374873778529
2019-03-28,1.727647516890201
2019-03-29,1.729329131640918
2019-04-01,1.725383567937265
2019-04-02,1.7440801284498877
2019-04-03,1.7435315260857955
2019-04-04,1.738557061025924
2019-04-05,1.748828668298859
2019-04-08,1.7413222533603196
2019-04-09,1.7384430346701605
2019-04-10,1.7538585975916112
2019-04-11,1.7531662418580396
2019-04-12,1.7629983470878439
2019-04-15,1.7507752352549277
2019-04-16,1.711579286290626
2019-04-17,1.6968833948511548
2019-04-18,1.710549695071914
2019-04-22,1.698723199856797
2019-04-23,1.7127813307563855
2019-04-24,1.7279587960830851
2019-04-25,1.7295380199760084
2019-04-26,1.7317288472688523
2019-04-29,1.7210918562319835
2019-04-30,1.745257179154742
2019-05-01,1.7419096494303936
2019-05-02,1.7431408505975152
2019-05-03,1.7583616389048202
2019-05-06,1.7483713870596695
2019-05-07,1.7216321520237188
2019-05-08,1.7300867156649495
2019-05-09,1.7368996078640473
2019-05-10,1.7532820303544572
2019-05-13,1.750678968031319
2019-05-14,1.75807753424461
2019-05-15,1.7700988620366354
2019-05-16,1.7842421636925452
2019-05-17,1.7856880239424717
2019-05-20,1.7558252008485453
2019-05-21,1.7719799677663106
2019-05-22,1.7851279203948436
2019-05-23,1.7923109746840789
2019-05-24,1.793165045995448
2019-05-28,1.776212729581579
2019-05-29,1.7541436484898265
2019-05-30,1.7676392361526185
2019-05-31,1.7803783380053797
2019-06-03,1.7868146040384467
2019-06-04,1.7745489691468033
2019-06-05,1.8175536421936453
2019-06-06,1.8270073289381166
2019-06-07,1.8322701860110797
2019-06-10,1.8323507637834886
2019-06-11,1.837343161327999
2019-06-12,1.8411911867392594
2019-06-13,1.84393091620988
2019-06-14,1.8502289584562945
2019-06-17,1.8716130931681987
2019-06-18,1.8656003434506976
2019-06-19,1.8836377402389142
2019-06-20,1.892491368675171
2019-06-21,1.8736026122725071
2019-06-24,1.8694966894687255
2019-06-25,1.8428564377589816
2019-06-26,1.8026490328011018
2019-06-27,1.8188033124123206
2019-06-28,1.8317185695988913
2019-07-01,1.828208087335517
2019-07-02,1.8616511938261724
2019-07-03,1.8859478129703457
2019-07-05,1.881093284553487
2019-07-08,1.88664157175725
2019-07-09,1.896438031162103
2019-07-10,1.9089174673878349
2019-07-11,1.8851699591238564
2019-07-12,1.8725053150809177
2019-07-15,1.8742596984148663
2019-07-16,1.875887121731816
2019-07-17,1.8710460844235326
2019-07-18,1.868556801886299
2019-07-19,1.8371399847702565
2019-07-22,1.8387102498645
2019-07-23,1.8511971546624983
2019-07-24,1.8520120459145628
2019-07-25,1.8354468721343755
2019-07-26,1.8386603619293
2019-07-29,1.8427507638095877
2019-07-30,1.861135904751294
2019-07-31,1.8561320264395567
2019-08-01,1.8701619360789317
2019-08-02,1.8827818847728552
2019-08-05,1.8445930619930424
2019-08-06,1.875393492703388
2019-08-07,1.8958936504279653
2019-08-08,1.929612473632108
2019-08-09,1.9332670072122298
2019-08-12,1.932528158961282
2019-08-13,1.9313627031588565
2019-08-14,1.9030825554285942
2019-08-15,1.9322835070739177
2019-08-16,1.9500878904590793
2019-08-19,1.9699921730583576
2019-08-20,1.9524081333520085
2019-08-21,1.9647935502962215
2019-08-22,1.975005102151596
2019-08-23,1.9499947167711116
2019-08-26,1.9698709718701066
2019-08-27,1.9587734407520703
2019-08-28,1.967564109376741
2019-08-29,1.982114999446877
2019-08-30,1.9808524579151205
2019-09-03,2.0107156489457965
2019-09-04,2.0221902995436123
2019-09-05,2.0042188952625013
2019-09-06,2.0062683706553535
2019-09-09,1.9774722011843997
2019-09-10,1.9447438585146044
2019-09-11,1.938297097590201
2019-09-12,1.960902373385655
2019-09-13,1.9420547837767363
2019-09-16,1.9658791149600383
2019-09-17,1.997116983553072
2019-09-18,1.9863010488124833
2019-09-19,1.9952497479297646
2019-09-20,1.9891766745985455
2019-09-23,2.002107147898591
2019-09-24,1.9985956905307571
2019-09-25,2.000712964707054
2019-09-26,2.019066380700235
2019-09-27,2.0012688011407445
2019-09-30,2.0062241308658213
2019-10-01,1.9895353547861259
2019-10-02,1.9848418903274063
2019-10-03,2.0125300438546976
2019-10-04,2.0269774483727474
2019-10-07,2.020498991406569
2019-10-08,2.0122954783209184
2019-10-09,2.0213287229781014
2019-10-10,2.02340216468372
2019-10-11,2.012435217442746
2019-10-14,2.018425118905669
2019-10-15,2.0251059656123007
2019-10-16,2.023525884241457
2019-10-17,2.0445308135786537
2019-10-18,2.065693707246173
2019-10-21,2.077829357120128
2019-10-22,2.066449276136958
2019-10-23,2.0691326919102266
2019-10-24,2.0722401568214037
2019-10-25,2.0537179461375383
2019-10-28,2.02568425990276
2019-10-29,2.03066848236606
2019-10-30,2.043503609959459
2019-10-31,2.0398082423579638
2019-11-01,2.03016647255711
2019-11-04,2.0039251034927887
2019-11-05,1.960976326481018
2019-11-06,1.9786556168199858
2019-11-07,1.9528194909017171
2019-11-08,1.9490991203291883
2019-11-11,1.952961674899298
2019-11-12,1.9403711870492828
2019-11-13,1.9655756613954776
2019-11-14,1.9865023294413036
2019-11-15,2.0005177918011894
2019-11-18,2.0128075311370917
2019-11-19,2.0267379725850763
2019-11-20,2.0362651977550255
2019-11-21,2.008921141722076
2019-11-22,1.9930332829751058
2019-11-25,1.990629624352221
2019-11-26,2.025055218296029
2019-11-27,2.0339748020086947
2019-11-29,2.02451845498161
2019-12-02,1.9874964996344338
2019-12-03,2.0014295099247463
2019-12-04,2.014765224227182
2019-12-05,2.0132595874160817
2019-12-06,2.0157173902237893
2019-12-09,2.0182689055954106
2019-12-10,2.0035830459672637
2019-12-11,1.9916637676326083
2019-12-12,1.9679133750166269
2019-12-13,1.970934220007657
2019-12-16,1.9876190692168725
2019-12-17,1.9630410124310134
2019-12-18,1.9889864439014258
2019-12-19,2.011581121699569
2019-12-20,2.025324075735034
2019-12-23,2.007400338592308
2019-12-24,2.010576406828321
2019-12-26,2.0221478035275475
2019-12-27,2.029878292078212
2019-12-30,2.0324802677169185
2019-12-31,2.0460967371488206
2020-01-02,2.025452329841034
2020-01-03,2.044814982077849
2020-01-06,2.0389254784390434
2020-01-07,2.0107516060672928
2020-01-08,2.0214229673897197
2020-01-09,2.027856155602397
2020-01-10,2.0514694851330284
2020-01-13,2.0773186662258465
2020-01-14,2.0595347088251663
2020-01-15,2.0758625479575987
2020-01-16,2.095925415979647
2020-01-17,2.1017948683016887
2020-01-21,2.127429073184699
2020-01-22,2.117426481161634
2020-01-23,2.1396478462683826
2020-01-24,2.1428582618074477
2020-01-27,2.1407004166022676
2020-01-28,2.15321510901388
2020-01-29,2.1385807687819667
2020-01-30,2.1434893873802405
2020-01-31,2.109849927248209
2020-02-03,2.116449016396906
2020-02-04,2.1411365343915456
2020-02-05,2.128964910808175
2020-02-06,2.138964658129895
2020-02-07,2.1420124137633936
2020-02-10,2.172650810507208
2020-02-11,2.2049080920660127
2020-02-12,2.22373188841484
2020-02-13,2.2363267678725394
2020-02-14,2.2642227509575776
2020-02-18,2.2667125409888245
2020-02-19,2.2494634808924165
2020-02-20,2.2752235548076443
2020-02-21,2.285413668697217
2020-02-24,2.248561153809886
2020-02-25,2.203987649149205
2020-02-26,2.1883605639731183
2020-02-27,2.0636594890125965
2020-02-28,2.000255165138498
2020-03-02,2.1233544938250817
2020-03-03,2.131841701769285
2020-03-04,2.2278063332142075
2020-03-05,2.171350406584632
2020-03-06,2.139880128057495
2020-03-09,1.9910195882763038
2020-03-10,2.0987730126899202
2020-03-11,2.010603884544727
2020-03-12,1.8557879462022187
2020-03-13,2.048359355540258
2020-03-16,1.7474367768589756
2020-03-17,1.909987470252576
2020-03-18,1.808476105601376
2020-03-19,1.7341525577064483
2020-03-20,1.6199024845028596
2020-03-23,1.529290592978626
2020-03-24,1.6508961418277943
2020-03-25,1.7171685721290217
2020-03-26,1.8624325676009466
2020-03-27,1.8760528524368179
2020-03-30,1.9496427645710332
2020-03-31,1.8960643217389423
2020-04-01,1.7859250982698307
2020-04-02,1.8335215422029634
2020-04-03,1.8233950835583068
2020-04-06,1.932171853312112
2020-04-07,1.9113697219104846
2020-04-08,2.0398910482704973
2020-04-09,2.130326956827932
2020-04-13,2.033000404212952
2020-04-14,2.110198469482316
2020-04-15,2.043933702115288
2020-04-16,2.053614580637797
2020-04-17,2.117141342255287
2020-04-20,2.0468588987942145
2020-04-21,2.031167176846432
2020-04-22,2.066283136527678
2020-04-23,2.0436685145072584
2020-04-24,2.0567031190162797
2020-04-27,2.1104339699144914
2020-04-28,2.0906424633578373
2020-04-29,2.0681873919084572
2020-04-30,2.059393876797036
2020-05-01,2.0158715769511155
2020-05-04,2.0230466060350802
2020-05-05,2.0522700958462936
2020-05-06,2.0355959839132027
2020-05-07,2.044927899664203
2020-05-08,2.066618844960457
2020-05-11,2.0514682332310303
2020-05-12,1.9601659131500926
2020-05-13,1.9524534713155413
2020-05-14,1.9392241420831562
2020-05-15,1.927662460375237
2020-05-18,1.996024812854705
2020-05-19,1.9574199855086096
2020-05-20,1.97983474618289
2020-05-21,1.967427233360342
2020-05-22,2.0225796643712197
2020-05-26,2.0623020846458116
2020-05-27,2.0962850458901574
2020-05-28,2.1446303020910333
2020-05-29,2.1300353494568043
2020-06-01,2.1547985503534384
2020-06-02,2.150255794126858
2020-06-03,2.1757735778469325
2020-06-04,2.109527801488153
2020-06-05,2.1764929949625302
2020-06-08,2.209636215958525
2020-06-09,2.2037208054809714
2020-06-10,2.184482000816817
2020-06-11,2.072406164087101
2020-06-12,2.125367223879262
2020-06-15,2.151371387626534
2020-06-16,2.18870860981323
2020-06-17,2.182120552940244
2020-06-18,2.1486837183730985
2020-06-19,2.1400639201913694
2020-06-22,2.136729428157994
2020-06-23,2.1260917531885113
2020-06-24,2.079786469738648
2020-06-25,2.1067314172700167
2020-06-26,2.065943075823087
2020-06-29,2.093419141655674
2020-06-30,2.136638816454025
2020-07-01,2.1987586388058333
2020-07-02,2.1952504063328115
2020-07-06,2.197731050220142
2020-07-07,2.174897944027228
2020-07-08,2.172858380187545
2020-07-09,2.1749590410291186
2020-07-10,2.1668493735642094
2020-07-13,2.124876453723576
2020-07-14,2.156881761261594
2020-07-15,2.1449050647909607
2020-07-16,2.1229900068397494
2020-07-17,2.160568304858753
2020-07-20,2.1537898648550584
2020-07-21,2.14893413388219
2020-07-22,2.1705409439635677
2020-07-23,2.1682206867804212
2020-07-24,2.169536209532968
2020-07-27,2.2002584676877563
2020-07-28,2.2380999963520005
2020-07-29,2.2893156238811665
2020-07-30,2.2825090582943357
2020-07-31,2.2936035719859817
2020-08-03,2.26418228048956
2020-08-04,2.286550082913316
2020-08-05,2.2729865285992488
2020-08-06,2.26630671470918
2020-08-07,2.2872442316551465
2020-08-10,2.269107511689712
2020-08-11,2.209552406771517
2020-08-12,2.247874287126779
2020-08-13,2.232461379766913
2020-08-14,2.228053816044502
2020-08-17,2.2552486049122082
2020-08-18,2.261899436344253
2020-08-19,2.218715817408876
2020-08-20,2.239860253523873
2020-08-21,2.2385643900948886
2020-08-24,2.226498021646341
2020-08-25,2.2365913028666626
2020-08-26,2.2279534383292283
2020-08-27,2.250595102707766
2020-08-28,2.2567374228336416
2020-08-31,2.2522943209743698
2020-09-01,2.2440824713434875
2020-09-02,2.2911718904934406
2020-09-03,2.2307623603231903
2020-09-04,2.2108614979740437
2020-09-08,2.176111860174321
2020-09-09,2.2075508936637025
2020-09-10,2.179171686339541
2020-09-11,2.1776543676416367
2020-09-14,2.2152217467274053
2020-09-15,2.246473397532028
2020-09-16,2.2601958569961984
2020-09-17,2.221098174974398
2020-09-18,2.187320196637442
2020-09-21,2.143275245223671
2020-09-22,2.175864474741147
2020-09-23,2.114687237941272
2020-09-24,2.121436000019926
2020-09-25,2.163423893138989
2020-09-28,2.2032089271091126
2020-09-29,2.195895288832043
2020-09-30,2.2044356587559775
2020-10-01,2.2422714697498094
2020-10-02,2.2751233948838703
2020-10-05,2.298897103266884
2020-10-06,2.287192324266751
2020-10-07,2.2948753075586534
2020-10-08,2.3340019546791995
2020-10-09,2.34213857923154
2020-10-12,2.3610476424681557
2020-10-13,2.327826834633973
2020-10-14,2.2938620993215326
2020-10-15,2.305012560561175
2020-10-16,2.2930310520808277
2020-10-19,2.260702659705428
2020-10-20,2.268343188285056
2020-10-21,2.2602624440810244
2020-10-22,2.2256019531259765
2020-10-23,2.233343110714352
2020-10-26,2.2134951302504935
2020-10-27,2.1933630208923294
2020-10-28,2.1506265516633203
2020-10-29,2.164295990197665
2020-10-30,2.147281412955432
2020-11-02,2.1948200626441112
2020-11-03,2.2313901983677904
2020-11-04,2.253174772767827
2020-11-05,2.263906874900352
2020-11-06,2.264972613774949
2020-11-09,2.213895778195268
2020-11-10,2.222085825946225
2020-11-11,2.2775413059082554
2020-11-12,2.2698388497446267
2020-11-13,2.305779698122836
2020-11-16,2.292698773977196
2020-11-17,2.294706830190682
2020-11-18,2.2599801687016194
2020-11-19,2.252718729896516
2020-11-20,2.244188593086176
2020-11-23,2.2170389019347776
2020-11-24,2.187885131859483
2020-11-25,2.198973513053664
2020-11-27,2.213198378561179
2020-11-30,2.197864888829163
2020-12-01,2.2188227221710637
2020-12-02,2.1702766948618715
2020-12-03,2.1729477275026947
2020-12-04,2.1934900480165473
2020-12-07,2.175749021191432
2020-12-08,2.1583839192585224
2020-12-09,2.1239539270160495
2020-12-10,2.1166560300445543
2020-12-11,2.123435062264346
2020-12-14,2.1116420986963687
2020-12-15,2.1378363507416966
2020-12-16,2.13878795708045
2020-12-17,2.179785733594116
2020-12-18,2.1516318309219002
2020-12-21,2.144082172543238
2020-12-22,2.1689593343745197
2020-12-23,2.1345719876992475
2020-12-24,2.1556335078615807
2020-12-28,2.1756835512678205
2020-12-29,2.162020756909934
2020-12-30,2.1715329019491474
2020-12-31,2.200026908965779
2021-01-04,2.132269988265385
2021-01-05,2.131305388159424
2021-01-06,2.113323514672817
2021-01-07,2.124183095269956
2021-01-08,2.149760171207808
2021-01-11,2.1182634191707335
2021-01-12,2.113355335064347
2021-01-13,2.1371388012491956
2021-01-14,2.149279639165301
2021-01-15,2.1886124910734237
2021-01-19,2.1901352916927728
2021-01-20,2.233841635220596
2021-01-21,2.231755671455867
2021-01-22,2.237558661165942
2021-01-25,2.2599025290303425
2021-01-26,2.299890616524385
2021-01-27,2.263678564935216
2021-01-28,2.2565057744971972
2021-01-29,2.2473955904348184
2021-02-01,2.309318194564858
2021-02-02,2.3288581980848297
2021-02-03,2.305641560553915
2021-02-04,2.311271746464466
2021-02-05,2.3179268571848715
2021-02-08,2.319533723452669
2021-02-09,2.3291827213016982
2021-02-10,2.331177624398354
2021-02-11,2.3175930463685837
2021-02-12,2.3105645538697175
2021-02-16,2.2815135707743126
2021-02-17,2.2839352749560473
2021-02-18,2.277499578528467
2021-02-19,2.2712539694878324
2021-02-22,2.2669546439538757
2021-02-23,2.2684160204465513
2021-02-24,2.2580333919147613
2021-02-25,2.2302494899810887
2021-02-26,2.1907735970069666
2021-03-01,2.1891819714527396
2021-03-02,2.173123318376109
2021-03-03,2.1271080726355254
2021-03-04,2.1152093705338433
2021-03-05,2.137479405152361
2021-03-08,2.1338892788420982
2021-03-09,2.168786520135075
2021-03-10,2.185315709992202
2021-03-11,2.221162957988483
2021-03-12,2.26518103826275
2021-03-15,2.2970833555949
2021-03-16,2.3108571929714508
2021-03-17,2.2955490068344195
2021-03-18,2.2903214572054096
2021-03-19,2.2590428128494375
2021-03-22,2.2984876214064456
2021-03-23,2.3249378624044588
2021-03-24,2.3077018550934674
2021-03-25,2.3171584650599435
2021-03-26,2.381415783254649
2021-03-29,2.3857825379647926
2021-03-30,2.3627465924597826
2021-03-31,2.351834691125922
2021-04-01,2.386411923208567
2021-04-05,2.4054294992390086
2021-04-06,2.405032516789083
2021-04-07,2.404694505896488
2021-04-08,2.3909842386706672
2021-04-09,2.391564178311433
2021-04-12,2.41021972354051
2021-04-13,2.4304337401487337
2021-04-14,2.4069490351428176
2021-04-15,2.46008770315693
2021-04-16,2.46092976238531
2021-04-19,2.474622436302165
2021-04-20,2.515420586440936
2021-04-21,2.5202592484820743
2021-04-22,2.5082565408478756
2021-04-23,2.5194444785139276
2021-04-26,2.519640848743138
2021-04-27,2.514661940005923
2021-04-28,2.5042287834170653
2021-04-29,2.517176758754042
2021-04-30,2.548667221281966
2021-05-03,2.525708882264496
2021-05-04,2.51060683570166
2021-05-05,2.4722062872266193
2021-05-06,2.4889773370748824
2021-05-07,2.519648690009783
2021-05-10,2.5290881662396223
2021-05-11,2.507055600710602
2021-05-12,2.460261535115552
2021-05-13,2.4917502038706116
2021-05-14,2.5105364192413258
2021-05-17,2.5045650175701715
2021-05-18,2.5157373988142995
2021-05-19,2.5077168789506947
2021-05-20,2.5478768569709143
2021-05-21,2.5429806645563993
2021-05-24,2.5657725305660692
2021-05-25,2.5780690606880836
2021-05-26,2.5788242051224906
2021-05-27,2.5673660867837
2021-05-28,2.587866778327651
2021-06-01,2.6225139713809917
2021-06-02,2.665020233503449
2021-06-03,2.6726032401523514
2021-06-04,2.6830285639586027
2021-06-07,2.706572611481524
2021-06-08,2.7182896877835097
2021-06-09,2.7215221560000873
2021-06-10,2.7700704208639975
2021-06-11,2.7438381797446634
2021-06-14,2.764620113295901
2021-06-15,2.733699162842621
2021-06-16,2.7102614801845117
2021-06-17,2.7264800068453012
2021-06-18,2.6863204191125396
2021-06-21,2.7344230816237127
2021-06-22,2.7219760968569795
2021-06-23,2.700037897079696
2021-06-24,2.685386175693591
2021-06-25,2.703100818687379
2021-06-28,2.713649026809278
2021-06-29,2.713014366225178
2021-06-30,2.6885646700823322
2021-07-01,2.6917230990543044
2021-07-02,2.709990994484079
2021-07-06,2.7480109001165207
2021-07-07,2.7727582472647736
2021-07-08,2.779856320317277
2021-07-09,2.8058142073085275
2021-07-12,2.8361305761547637
2021-07-13,2.8041318695030713
2021-07-14,2.8328183227569057
2021-07-15,2.841486294036585
2021-07-16,2.849927020815249
2021-07-19,2.8311284402668178
2021-07-20,2.8665726879890943
2021-07-21,2.8435003809638872
2021-07-22,2.8199142009362363
2021-07-23,2.850196526842818
2021-07-26,2.8383222128463537
2021-07-27,2.8639366508557864
2021-07-28,2.846504363097328
2021-07-29,2.8334197035969484
2021-07-30,2.852615095138484
2021-08-02,2.857913837578386
2021-08-03,2.859180658957818
2021-08-04,2.856437253400932
2021-08-05,2.866149875777672
2021-08-06,2.8592188440713584
2021-08-09,2.8490246874677703
2021-08-10,2.798499657212049
2021-08-11,2.8117413622554923
2021-08-12,2.826885656375158
2021-08-13,2.8553170062953552
2021-08-16,2.8726979587242156
2021-08-17,2.8838104648801863
2021-08-18,2.8471085836090015
2021-08-19,2.886634839923215
2021-08-20,2.9001467389950446
2021-08-23,2.8806908130266833
2021-08-24,2.8422151028062235
2021-08-25,2.8278077094222307
2021-08-26,2.841357438578323
2021-08-27,2.8615841788238194
2021-08-30,2.909471542408406
2021-08-31,2.9246671502136112
2021-09-01,2.979776435885998
2021-09-02,2.9937627206736774
2021-09-03,3.000966551822969
2021-09-07,2.9624600926534783
2021-09-08,2.9836047547241353
2021-09-09,2.903836829441191
2021-09-10,2.8670181269651778
2021-09-13,2.868069353791159
2021-09-14,2.8724412296566704
2021-09-15,2.8833947085260263
2021-09-16,2.8860103104704167
2021-09-17,2.859564922121575
2021-09-20,2.846653585486006
2021-09-21,2.8468974697188445
2021-09-22,2.8747690402561448
2021-09-23,2.850910481084006
2021-09-24,2.818983315540848
2021-09-27,2.7559167599270222
2021-09-28,2.7395130213376704
2021-09-29,2.7630565735345844
2021-09-30,2.7241865232136604
2021-10-01,2.743910995605661
2021-10-04,2.754471311465006
2021-10-05,2.730045674272199
2021-10-06,2.758345911732171
2021-10-07,2.7645549060123393
2021-10-08,2.728128272480229
2021-10-11,2.7271190319602954
2021-10-12,2.7633326200427515
2021-10-13,2.7877016309369385
2021-10-14,2.833564449223709
2021-10-15,2.8325343797254505
2021-10-18,2.839596727650191
2021-10-19,2.8539352185364524
2021-10-20,2.9089024138168007
2021-10-21,2.932354916521812
2021-10-22,2.9549998280330216
2021-10-25,2.957479479943675
2021-10-26,2.9816881144242307
2021-10-27,2.9762085287877382
2021-10-28,3.026809110736993
2021-10-29,2.9903780910152715
2021-11-01,2.9823388604062306
2021-11-02,3.0020992525636694
2021-11-03,3.0054914115041678
2021-11-04,2.9665737658241063
2021-11-05,2.964376003726488
2021-11-08,2.971619689019424
2021-11-09,2.9852951984183833
2021-11-10,2.9733059064285494
2021-11-11,2.97045200363704
2021-11-12,2.9808964194141354
2021-11-15,3.0102230308204483
2021-11-16,2.9895106608825146
2021-11-17,3.006315513159944
2021-11-18,3.007614224331234
2021-11-19,3.0015579732275497
2021-11-22,2.983546288089631
2021-11-23,3.0240234229952683
2021-11-24,3.0665981919907255
2021-11-26,2.997881201513676
2021-11-29,3.0555383618507195
2021-11-30,3.0166192648445866
2021-12-01,2.972727742540199
2021-12-02,3.0437125705285073
2021-12-03,3.0356550301407954
2021-12-06,3.064168029514529
2021-12-07,3.117601641612144
2021-12-08,3.132278608016564
2021-12-09,3.091048915168321
2021-12-10,3.120265727149587
2021-12-13,3.1749082027249176
2021-12-14,3.137519910004059
2021-12-15,3.1906881703700885
2021-12-16,3.2036465552842364
2021-12-17,3.1826862116859376
2021-12-20,3.1769848797490905
2021-12-21,3.1647892638693302
2021-12-22,3.1969005011033813
2021-12-23,3.186919873757886
2021-12-27,3.2554476986328065
2021-12-28,3.2729688622375304
2021-12-29,3.30127832623063
2021-12-30,3.3091354175954035
2021-12-31,3.321238341303714
2022-01-03,3.2815437815804547
2022-01-04,3.2330750986530283
2022-01-05,3.1244376338533413
2022-01-06,3.1080772788758755
2022-01-07,3.087715875998042
2022-01-10,3.060109621948528
2022-01-11,3.0487622690211804
2022-01-12,3.054436813832748
2022-01-13,3.043790649510701
2022-01-14,3.0090225664949175
2022-01-18,2.999064728414492
2022-01-19,2.97309305285138
2022-01-20,2.9511284455675892
2022-01-21,2.9420412009601558
2022-01-24,2.942430127873006
2022-01-25,2.9257396687008317
2022-01-26,2.8709148883907014
2022-01-27,2.813742127423636
2022-01-28,2.922457402149898
2022-01-31,2.954240126637225
2022-02-01,2.9241487049349253
2022-02-02,2.9801072669997155
2022-02-03,2.9598631579680896
2022-02-04,2.9232987643927277
2022-02-07,2.9125175351833175
2022-02-08,2.887531326953291
2022-02-09,2.9643504505192455
2022-02-10,2.859876554980172
2022-02-11,2.81315328056671
2022-02-14,2.7907575534990268
2022-02-15,2.7942517038682815
2022-02-16,2.7813459333128168
2022-02-17,2.770688793764451
2022-02-18,2.7554073842668227
2022-02-22,2.758180770856501
2022-02-23,2.718232421893309
2022-02-24,2.7711047533160054
2022-02-25,2.8416681279350247
2022-02-28,2.789827984257826
2022-03-01,2.7795119937660364
2022-03-02,2.824635846431532
2022-03-03,2.8627805580430703
2022-03-04,2.898876652880311
2022-03-07,2.8470491528772865
2022-03-08,2.797970735600386
2022-03-09,2.846868096605189
2022-03-10,2.8518565360966015
2022-03-11,2.819718569146018
2022-03-14,2.8119467177740236
2022-03-15,2.8379098996909677
2022-03-16,2.8650699188362077
2022-03-17,2.9140846887463354
2022-03-18,2.919133975892096
2022-03-21,2.902147238495853
2022-03-22,2.895330606195591
2022-03-23,2.859591483771816
2022-03-24,2.874501286579123
2022-03-25,2.9041669924554387
2022-03-28,2.956041837566463
2022-03-29,3.040389955523079
2022-03-30,3.0272379900646995
2022-03-31,2.9925211547254493
2022-04-01,3.067760072097838
2022-04-04,3.0514715722858954
2022-04-05,3.0685119982461972
2022-04-06,3.128824525600652
2022-04-07,3.100933777135094
2022-04-08,3.106964750165719
2022-04-11,3.0502929848318496
2022-04-12,3.0330748156517515
2022-04-13,3.041171491415197
2022-04-14,3.008411987864081
2022-04-18,2.9950002806340716
2022-04-19,3.0765112530614895
2022-04-20,3.146105879541153
2022-04-21,3.129979026093866
2022-04-22,3.0803141072116484
2022-04-25,3.0656841387753855
2022-04-26,3.0190063632761026
2022-04-27,2.9988402944504466
2022-04-28,3.0554537909139703
2022-04-29,2.892475450041586
2022-05-02,2.8004902437367436
2022-05-03,2.8241594640840044
2022-05-04,2.845275601784142
2022-05-05,2.7634792868319047
2022-05-06,2.7467878847869662
2022-05-09,2.608392418574969
2022-05-10,2.537569851357742
2022-05-11,2.5439365179337528
2022-05-12,2.549490640718479
2022-05-13,2.618822091339618
2022-05-16,2.5807176226842965
2022-05-17,2.5952528215111537
2022-05-18,2.5254183022439123
2022-05-19,2.5356041012650126
2022-05-20,2.5824201116049825
2022-05-23,2.620652037638421
2022-05-24,2.6613938168124003
2022-05-25,2.6735923845733627
2022-05-26,2.658020532786055
2022-05-27,2.7403957803233556
2022-05-31,2.7035358825551414
2022-06-01,2.6811180782893307
2022-06-02,2.724463205311669
2022-06-03,2.6878750826470146
2022-06-06,2.6815101226842493
2022-06-07,2.709190771524554
2022-06-08,2.6500842773295843
2022-06-09,2.599949698261568
2022-06-10,2.5437769270297164
2022-06-13,2.4341829199668723
2022-06-14,2.4103098366549434
2022-06-15,2.4732769503858703
2022-06-16,2.4137347319401274
2022-06-17,2.433083690808454
2022-06-21,2.47918560360205
2022-06-22,2.5325986224530066
2022-06-23,2.6001405105938784
2022-06-24,2.646677724388881
2022-06-27,2.6322196929366846
2022-06-28,2.5865761430286356
2022-06-29,2.5540509917945142
2022-06-30,2.565114830812011
2022-07-01,2.60500032411168
2022-07-05,2.582157823583492
2022-07-06,2.585559930905208
2022-07-07,2.5802196085205096
2022-07-08,2.5564370181123013
2022-07-11,2.5603143627931417
2022-07-12,2.5380503762326536
2022-07-13,2.530627747650248
2022-07-14,2.5018490275521397
2022-07-15,2.534547384967421
2022-07-18,2.4999979742967957
2022-07-19,2.5784079329892977
2022-07-20,2.559133675083489
2022-07-21,2.5944708042493203
2022-07-22,2.6206690233314625
2022-07-25,2.613015212402206
2022-07-26,2.621690939071286
2022-07-27,2.6358294145132874
2022-07-28,2.766426287155362
2022-07-29,2.763950821008311
2022-08-01,2.726095722490848
2022-08-02,2.6998943199151464
2022-08-03,2.7066635728825084
2022-08-04,2.7138367941564288
2022-08-05,2.7207998174912404
2022-08-08,2.7322564750238802
2022-08-09,2.7527347947497796
2022-08-10,2.7888050987409763
2022-08-11,2.7583971021140288
2022-08-12,2.808904208274686
2022-08-15,2.8370553566271695
2022-08-16,2.8290134958950883
2022-08-17,2.819234437629314
2022-08-18,2.79425141621064
2022-08-19,2.770391309419935
2022-08-22,2.706744001467526
2022-08-23,2.661834307936421
2022-08-24,2.6835832033596145
2022-08-25,2.727535899156602
2022-08-26,2.659442752252213
2022-08-29,2.632692754208004
2022-08-30,2.596150551660771
2022-08-31,2.5883991123674734
2022-09-01,2.59759820926492
2022-09-02,2.542762939474879
2022-09-06,2.5718442154531633
2022-09-07,2.62619335245569
2022-09-08,2.6457462776169742
2022-09-09,2.6679521487410116
2022-09-12,2.6937467699358724
2022-09-13,2.588119287631984
2022-09-14,2.549421739142813
2022-09-15,2.4854322976888623
2022-09-16,2.4843156618959314
2022-09-19,2.4786984791355264
2022-09-20,2.4226642839326074
2022-09-21,2.3915559945185603
2022-09-22,2.377221804471922
2022-09-23,2.345150893193194
2022-09-26,2.284738965010024
2022-09-27,2.239733464572823
2022-09-28,2.2783027393265343
2022-09-29,2.2191534672487423
2022-09-30,2.2450250084657277
2022-10-03,2.2859003866948
2022-10-04,2.315800286741835
2022-10-05,2.2544470254616815
2022-10-06,2.1738133349970434
2022-10-07,2.115002245716722
2022-10-10,2.0841161712772456
2022-10-11,2.1064819623935485
2022-10-12,2.0719631351295966
2022-10-13,2.1202522720868684
2022-10-14,2.0633749297170803
2022-10-17,2.150735337751642
2022-10-18,2.1770424769029924
2022-10-19,2.120997184621757
2022-10-20,2.1068471207394097
2022-10-21,2.121252329281859
2022-10-24,2.112823625613258
2022-10-25,2.2027106759997577
2022-10-26,2.1990426138316725
2022-10-27,2.205746776196448
2022-10-28,2.254504966147062
2022-10-31,2.2523732827145326
2022-11-01,2.2307219250028547
2022-11-02,2.182682345746085
2022-11-03,2.197780434357732
2022-11-04,2.2221736339895584
2022-11-07,2.20774400530202
2022-11-08,2.20994722814589
2022-11-09,2.186975419565707
2022-11-10,2.3822092903649406
2022-11-11,2.377122248218028
2022-11-14,2.309053385689595
2022-11-15,2.344488211183587
2022-11-16,2.332112208134124
2022-11-17,2.307186539645076
2022-11-18,2.3378056912575524
2022-11-21,2.3556714544454302
2022-11-22,2.357620406261565
2022-11-23,2.3692914104658507
2022-11-25,2.3825184505002124
2022-11-28,2.31784689555912
2022-11-29,2.3529801306363667
2022-11-30,2.410768365593461
2022-12-01,2.408504034211456
2022-12-02,2.399165185140913
2022-12-05,2.3552838695444542
2022-12-06,2.3349387933874057
2022-12-07,2.349455706561291
2022-12-08,2.363374701751548
2022-12-09,2.356058468180141
2022-12-12,2.3776581984315617
2022-12-13,2.4360961980395617
2022-12-14,2.399496421635685
2022-12-15,2.3641985010527877
2022-12-16,2.2970239286038097
2022-12-19,2.267305818078645
2022-12-20,2.257212214235887
2022-12-21,2.2878571381062054
2022-12-22,2.2771509573588053
2022-12-23,2.2940135934752948
2022-12-27,2.28960322162307
2022-12-28,2.2600230650709245
2022-12-29,2.3177816164451848
2022-12-30,2.2898588944235923
2023-01-03,2.3039445452717295
2023-01-04,2.3612259033554976
2023-01-05,2.281030002081405
2023-01-06,2.351786665356192
2023-01-09,2.346456206105457
2023-01-10,2.364394360174084
2023-01-11,2.4450037609939086
2023-01-12,2.4734913824815186
2023-01-13,2.465414226205438
2023-01-17,2.4637910944308494
2023-01-18,2.4326250579277433
2023-01-19,2.4253500205921283
2023-01-20,2.449787161649623
2023-01-23,2.4514893490855023
2023-01-24,2.463532316508391
2023-01-25,2.465348409412885
2023-01-26,2.4956920672927008
2023-01-27,2.515744198030866
2023-01-30,2.482963858368396
2023-01-31,2.5365703931547197
2023-02-01,2.560681300297714
2023-02-02,2.621342239652343
2023-02-03,2.556564175329254
2023-02-06,2.545252031812158
2023-02-07,2.540962515367993
2023-02-08,2.538147315165936
2023-02-09,2.5094197405215826
2023-02-10,2.5099939406903156
2023-02-13,2.5291689237963935
2023-02-14,2.5068031897258742
2023-02-15,2.5121787258223156
2023-02-16,2.4852178790014
2023-02-17,2.473999445330789
2023-02-21,2.4242705744440567
2023-02-22,2.403507602020834
2023-02-23,2.425598155811031
2023-02-24,2.372633483271923
2023-02-27,2.3727763903048555
2023-02-28,2.368489480369545
2023-03-01,2.3209290386481367
2023-03-02,2.358919772030839
2023-03-03,2.405291688599614
2023-03-06,2.3979927867626643
2023-03-07,2.3337434374387684
2023-03-08,2.374873367957352
2023-03-09,2.328470104831363
2023-03-10,2.2746571923247143
2023-03-13,2.3261291678578995
2023-03-14,2.3585168824137184
2023-03-15,2.357952568985322
2023-03-16,2.353692614328775
2023-03-17,2.3010241434279974
2023-03-20,2.3232244840578753
2023-03-21,2.2954252008644755
2023-03-22,2.2111862547083416
2023-03-23,2.2059958949148384
2023-03-24,2.2682036185029704
2023-03-27,2.258966812535436
2023-03-28,2.247800130533248
2023-03-29,2.2993337666795814
2023-03-30,2.32981308942103
2023-03-31,2.384319185025489
2023-04-03,2.3516089030781075
2023-04-04,2.3537941244925524
2023-04-05,2.3387581979973437
2023-04-06,2.3580600915711734
2023-04-10,2.365265722822428
2023-04-11,2.371813608206976
2023-04-12,2.365317103622043
2023-04-13,2.3603758150751157
2023-04-14,2.3170127995680208
2023-04-17,2.378198499349972
2023-04-18,2.380844762112312
2023-04-19,2.398706281240248
2023-04-20,2.3633817157580608
2023-04-21,2.3749046717106395
2023-04-24,2.367387861800279
2023-04-25,2.3413079013322613
2023-04-26,2.3245078596960163
2023-04-27,2.3856997755228697
2023-04-28,2.4003481946751575
2023-05-01,2.374070770778015
2023-05-02,2.33648930440769
2023-05-03,2.3327991302450646
2023-05-04,2.360905533951117
2023-05-05,2.3916016576695354
2023-05-08,2.384356286081766
2023-05-09,2.3701743125974155
2023-05-10,2.405596345624661
2023-05-11,2.384123040797298
2023-05-12,2.3836204268335845
2023-05-15,2.3679718860737795
2023-05-16,2.3012023641788955
2023-05-17,2.3339299893145014
2023-05-18,2.314935258967014
2023-05-19,2.3078993043991463
2023-05-22,2.321688423537797
2023-05-23,2.283611088434407
2023-05-24,2.233237091361304
2023-05-25,2.266114122894978
2023-05-26,2.310094270363012
2023-05-30,2.3241422174574877
2023-05-31,2.341979514820993
2023-06-01,2.350355876341178
2023-06-02,2.393645023360679
2023-06-05,2.379652464164932
2023-06-06,2.3864432216928226
2023-06-07,2.414572476104581
2023-06-08,2.411230510460037
2023-06-09,2.3912069097898883
2023-06-12,2.394620553413471
2023-06-13,2.4137250310801726
2023-06-14,2.4376661591155218
2023-06-15,2.4522903237173574
2023-06-16,2.4529524121325146
2023-06-20,2.4289986676728823
2023-06-21,2.4142377673025734
2023-06-22,2.3731460676523906
2023-06-23,2.3427133990834466
2023-06-26,2.3920182198820736
2023-06-27,2.417382686125635
2023-06-28,2.4248042605060074
2023-06-29,2.4516613926802964
2023-06-30,2.468897900210702
2023-07-03,2.4878039110367998
2023-07-05,2.5054640417560674
2023-07-06,2.490259431082177
2023-07-07,2.472363574924012
2023-07-10,2.480506883075881
2023-07-11,2.5094353655179757
2023-07-12,2.5315429046109963
2023-07-13,2.5504186530541757
2023-07-14,2.5561800267179624
2023-07-17,2.522845489814456
2023-07-18,2.490570024749988
2023-07-19,2.524443145483563
2023-07-20,2.507930200858815
2023-07-21,2.5194371691690955
2023-07-24,2.555476889424631
2023-07-25,2.526238499201744
2023-07-26,2.5335263780688804
2023-07-27,2.476554913590448
2023-07-28,2.478311385302178
2023-07-31,2.5011224025377277
2023-08-01,2.488153710634331
2023-08-02,2.474013892701175
2023-08-03,2.428791908443849
2023-08-04,2.418809885428714
2023-08-07,2.4454514631853086
2023-08-08,2.4304733710353728
2023-08-09,2.437937940263177
2023-08-10,2.4362391084985693
2023-08-11,2.4467431056138293
2023-08-14,2.431655582874877
2023-08-15,2.4162834212637017
2023-08-16,2.392212882297824
2023-08-17,2.3814606355922403
2023-08-18,2.3873354460986875
2023-08-21,2.3692094956341734
2023-08-22,2.3847011768138837
2023-08-23,2.417912386819563
2023-08-24,2.4167888290171415
2023-08-25,2.423323563217468
2023-08-28,2.440630748544889
2023-08-29,2.470517215792765
2023-08-30,2.4801342091273155
2023-08-31,2.4629264009684433
2023-09-01,2.4539545040990385
2023-09-05,2.4231670153932887
2023-09-06,2.415820666885383
2023-09-07,2.4464653950346387
2023-09-08,2.4215478770588117
2023-09-11,2.4212246567270044
2023-09-12,2.4195467161714386
2023-09-13,2.3976386445382096
2023-09-14,2.444096586830638
2023-09-15,2.437593958269861
2023-09-18,2.4174906303265
2023-09-19,2.3992996121597088
2023-09-20,2.402568982482588
2023-09-21,2.313335169525966
2023-09-22,2.298624526202372
2023-09-25,2.2990159648554522
2023-09-26,2.257793274110871
2023-09-27,2.23035307527965
2023-09-28,2.2567651394242416
2023-09-29,2.2704773519023913
2023-10-02,2.2299202330212773
2023-10-03,2.1907153645130095
2023-10-04,2.2174573480216586
2023-10-05,2.23447129454725
2023-10-06,2.2467795600020284
2023-10-09,2.278138856308951
2023-10-10,2.2840545484565586
2023-10-11,2.3311026833643496
2023-10-12,2.303607209555054
2023-10-13,2.301750120106528
2023-10-16,2.325595215666318
2023-10-17,2.3086501243816326
2023-10-18,2.2590326088558617
2023-10-19,2.1970611340525994
2023-10-20,2.185044802522265
2023-10-23,2.170813971352364
2023-10-24,2.202263214968476
2023-10-25,2.1635043896087978
2023-10-26,2.2180289538361837
2023-10-27,2.1842997979315997
2023-10-30,2.1987506185913195
2023-10-31,2.2415993456420367
2023-11-01,2.254732966526642
2023-11-02,2.322145062628757
2023-11-03,2.3640384318898646
2023-11-06,2.3231039038960843
2023-11-07,2.3052354068367555
2023-11-08,2.318132124211472
2023-11-09,2.2922227449224577
2023-11-10,2.3178107513485062
2023-11-13,2.2903950451479775
2023-11-14,2.399146313989977
2023-11-15,2.4032161455626797
2023-11-16,2.400771525148552
2023-11-17,2.394170091600586
2023-11-20,2.4164698083115295
2023-11-21,2.4098587219631464
2023-11-22,2.425554885889939
2023-11-24,2.4308807864313926
2023-11-27,2.4416427509637626
2023-11-28,2.453777890681434
2023-11-29,2.478651670439755
2023-11-30,2.5032077889535067
2023-12-01,2.5405332510101344
2023-12-04,2.5421905572615735
2023-12-05,2.5275127751917714
2023-12-06,2.512578704076641
2023-12-07,2.5110048124171276
2023-12-08,2.501914207040834
2023-12-11,2.501211249839395
2023-12-12,2.5079981068085835
2023-12-13,2.5862255724450596
2023-12-14,2.6293000636447355
2023-12-15,2.5999126470387117
2023-12-18,2.5998334408487596
2023-12-19,2.612300930064738
2023-12-20,2.5751412557380466
2023-12-21,2.59437704368249
2023-12-22,2.6050067346915458
2023-12-26,2.619715842255704
2023-12-27,2.6329053702600373
2023-12-28,2.6490315465949466
2023-12-29,2.6207734028869107
2024-01-02,2.6418146965130114
2024-01-03,2.5841613313384304
2024-01-04,2.579798225614218
2024-01-05,2.5685714886637085
2024-01-08,2.606878411960747
2024-01-09,2.591251550200793
2024-01-10,2.600479205368498
2024-01-11,2.581024319560564
2024-01-12,2.6005485046039323
2024-01-16,2.5919280916206655
2024-01-17,2.5449931100850227
2024-01-18,2.5290457340823553
2024-01-19,2.568580102983328
2024-01-22,2.5857981005993165
2024-01-23,2.566960389658954
2024-01-24,2.5253911529721527
2024-01-25,2.5624674491546657
2024-01-26,2.55635778632353
2024-01-29,2.582817437611711
2024-01-30,2.569172932920587
2024-01-31,2.5462425796325774
2024-02-01,2.5954679572946233
2024-02-02,2.57425479172269
2024-02-05,2.5277025878793786
2024-02-06,2.557245355368237
2024-02-07,2.5593388950952827
2024-02-08,2.5872976313289047
2024-02-09,2.5956259511732465
2024-02-12,2.578257506156735
2024-02-13,2.5387327322089948
2024-02-14,2.5449939429948203
2024-02-15,2.6152571171596914
2024-02-16,2.5657749636453024
2024-02-20,2.55666904993633
2024-02-21,2.5672047302071004
2024-02-22,2.576710595631681
2024-02-23,2.5759297239852046
2024-02-26,2.5511634594166264
2024-02-27,2.549378563252548
2024-02-28,2.5961800621739646
2024-02-29,2.6121461449898695
2024-03-01,2.6502285232061054
2024-03-04,2.6911274680199324
2024-03-05,2.6609765190476344
2024-03-06,2.674314586047856
2024-03-07,2.680960356079893
2024-03-08,2.699730907143488
2024-03-11,2.6707582683540645
2024-03-12,2.661522528275398
2024-03-13,2.638377786580229
2024-03-14,2.6073053547973144
2024-03-15,2.5858458105539435
2024-03-18,2.582671300502599
2024-03-19,2.574522060228691
2024-03-20,2.573113741709472
2024-03-21,2.573576865185299
2024-03-22,2.548989003219384
2024-03-25,2.537514769279777
2024-03-26,2.5226331460559996
2024-03-27,2.584377853303837
2024-03-28,2.6027940888740164
2024-04-01,2.5480898850953957
2024-04-02,2.518893878064735
2024-04-03,2.5216665667153646
2024-04-04,2.5030539921651798
2024-04-05,2.5139229614119607
2024-04-08,2.541144614521733
2024-04-09,2.579125405609319
2024-04-10,2.4936557041536784
2024-04-11,2.49083346191184
2024-04-12,2.468505453451745
2024-04-15,2.42221253127089
2024-04-16,2.3875685444321113
2024-04-17,2.3550716253190083
2024-04-18,2.3529110947573377
2024-04-19,2.363405403738688
2024-04-22,2.3827107004844117
2024-04-23,2.4068412382258124
2024-04-24,2.395396489281791
2024-04-25,2.378439548217258
2024-04-26,2.381641837565076
2024-04-29,2.395719494474836
2024-04-30,2.352796461563252
2024-05-01,2.354694656029119
2024-05-02,2.3892133432613205
2024-05-03,2.4222786461886687
2024-05-06,2.4088538664499457
2024-05-07,2.4396358654812533
2024-05-08,2.407529361019271
2024-05-09,2.493392474445846
2024-05-10,2.47171881898713
2024-05-13,2.4866930288712674
2024-05-14,2.5032097812955985
2024-05-15,2.545029214068282
2024-05-16,2.545875994886228
2024-05-17,2.5433391167540007
2024-05-20,2.5279353013493426
2024-05-21,2.531059261842066
2024-05-22,2.510916872435657
2024-05-23,2.4608724554588584
2024-05-24,2.458451055700269
2024-05-28,2.4475054819909747
2024-05-29,2.4271339401835603
2024-05-30,2.461459894365056
2024-05-31,2.5084574709837706
2024-06-03,2.489942069939322
2024-06-04,2.5266327227740963
2024-06-05,2.5259662924888877
2024-06-06,2.5358668913143645
2024-06-07,2.5145779988450117
2024-06-10,2.5351066082756972
2024-06-11,2.5297648745142216
2024-06-12,2.5377509135623564
2024-06-13,2.545856731749856
2024-06-14,2.5589894466012466
2024-06-17,2.5421196635597605
2024-06-18,2.5499066683167886
2024-06-20,2.5381804858761012
2024-06-21,2.5492378580229484
2024-06-24,2.560273359624188
2024-06-25,2.529541428068869
2024-06-26,2.5309016333757235
2024-06-27,2.5588247700297218
2024-06-28,2.584122199116157
2024-07-01,2.5719557755433593
2024-07-02,2.5758247800731136
2024-07-03,2.56702739974457
2024-07-05,2.578276863355357
2024-07-08,2.5892442416025885
2024-07-09,2.593248201737976
2024-07-10,2.620130042508083
2024-07-11,2.6854919913127313
2024-07-12,2.697392597068287
